Outstanding;Paid;Name;Email;Date;ReferenceNumber;Event
150;50;Rafael Taveres;raftav@gmail.com;20/02/2003;5678asdr55;911 Memorial
150;150;Rafael Not Taveres;raftav@gmail.com;21/02/2003;7856ddwr66;911 Memorial
75;0;Anton Rebeka;anteka@gmail.com;18/03/2003;5678asdr55;911 Memorial
30;25;Nqobile Akhenaton;ahknqo@gmail.com;19/05/2003;7856ddwr66;911 Memorial
50;50;Mauro Peretz;mauroz@gmail.com;11/05/2003;rteghf335;911 Memorial
40;0;Vragi Jeong;vrag@gmail.com;05/06/2003;5678asdr55;911 Memorial
10;10;Eutropius Ivo;euvo@gmail.com;07/03/2003;5678asdr55;911 Memorial
250;100;Ambrož Ayodele;ambaroza@gmail.com;27/05/2003;5678asdr55;RunForYaLife
100;150;Egidijus Ukrinas;terry@gmail.com;14/08/2003;5678asdr55;RunForYaLife
150;150;Gernot Jennica;gernica@gmail.com;09/03/2003;84sd5sd8;RunForYaLife
450;350;Siddiq Anna;siddiqanna@gmail.com;12/03/2003;e432164;RunForYaLife
250;250;Siran Maddison;maddy@gmail.com;14/03/2003;43167dffd;RunForYaLife
120;120;Gabija Ēriks;gabija@gmail.com;13/04/2003;5grrrty65;RunForYaLife
180;90;Efe Klaudia;efecloud@gmail.com;29/03/2003;894rghhhg;RunForYaLife